Workbook

Sheet Coverage
B2: Coverage Dashboard
B3: How much of the 75-pattern library is built into the training decks.
B5: OVERALL
B6: Patterns built | C6: =COUNTIF('Pattern Library'!H:H,"Built")
B7: Total patterns | C7: =COUNTA('Pattern Library'!E2:E190)
B8: % complete | C8: =C6/C7
B10: Level | C10: Built | D10: Total | E10: % Complete | G10: Remaining
B11: Foundations | C11: =COUNTIFS('Pattern Library'!E:E,"Foundations",'Pattern Library'!H:H,"Built") | D11: =COUNTIF('Pattern Library'!E:E,"Foundations") | E11: =IF(D11=0,0,C11/D11) | G11: =D11-C11
B12: Beginner | C12: =COUNTIFS('Pattern Library'!E:E,"Beginner",'Pattern Library'!H:H,"Built") | D12: =COUNTIF('Pattern Library'!E:E,"Beginner") | E12: =IF(D12=0,0,C12/D12) | G12: =D12-C12
B13: Intermediate | C13: =COUNTIFS('Pattern Library'!E:E,"Intermediate",'Pattern Library'!H:H,"Built") | D13: =COUNTIF('Pattern Library'!E:E,"Intermediate") | E13: =IF(D13=0,0,C13/D13) | G13: =D13-C13
B14: Advanced | C14: =COUNTIFS('Pattern Library'!E:E,"Advanced",'Pattern Library'!H:H,"Built") | D14: =COUNTIF('Pattern Library'!E:E,"Advanced") | E14: =IF(D14=0,0,C14/D14) | G14: =D14-C14
B15: TOTAL | C15: =SUM(C11:C14) | D15: =SUM(D11:D14) | E15: =C15/D15

Sheet Pattern Library
A1: # | B1: Family | C1: Pattern | D1: What it is | E1: Level | F1: Module | G1: Core / Appendix | H1: Build Status
A2: 1 | B2: Clarity & Instruction | C2: Be clear and direct | D2: Give explicit, specific instructions; treat Claude like a brilliant new hire with zero context. | E2: Beginner | F2: Module 3 — Writing Clear Instructions | G2: Core | H2: Built
A3: 2 | B3: Clarity & Instruction | C3: Prompt anatomy / components | D3: Scaffold a prompt into named parts: role, goal, context, source, instructions, output format, constraints, success criteria, fallback. | E3: Foundations | F3: Module 2 — Anatomy of a Prompt | G3: Core | H3: Built
A4: 3 | B4: Clarity & Instruction | C4: Define success criteria first | D4: Decide what 'good' looks like before writing the prompt. | E4: Foundations | F4: Module 2 — Anatomy of a Prompt | G4: Appendix | H4: Built
A5: 4 | B5: Clarity & Instruction | C5: Instruction hierarchy (must/should/avoid) | D5: Rank instructions by priority so non-negotiables are unmistakable. | E5: Foundations | F5: Module 2 — Anatomy of a Prompt | G5: Appendix | H5: Built
A6: 5 | B6: Clarity & Instruction | C6: Constraints as design tools | D6: Use objective limits (word count, reading level, no-acronyms) to shape output. | E6: Beginner | F6: Module 3 — Writing Clear Instructions | G6: Core | H6: Built
A7: 6 | B7: Structure & Delimiting | C7: XML tags (structure prompts) | D7: Wrap distinct content in named tags so instructions and data never blur. | E7: Beginner | F7: Module 4 — Structure & Formatting | G7: Core | H7: Built
A8: 7 | B8: Structure & Delimiting | C8: Separate data from instructions | D8: Use delimiters/tags to mark where pasted content ends and instructions begin. | E8: Beginner | F8: Module 4 — Structure & Formatting | G8: Core | H8: Built
A9: 8 | B9: Structure & Delimiting | C9: Output tagging | D9: Ask for the answer in named tags so you can find/reuse parts. | E9: Beginner | F9: Module 4 — Structure & Formatting | G9: Core | H9: Built
A10: 9 | B10: Structure & Delimiting | C10: Multi-document tagging | D10: Give each input its own tag for clean comparison. | E10: Beginner | F10: Module 4 — Structure & Formatting | G10: Appendix | H10: Built
A11: 10 | B11: Structure & Delimiting | C11: Spotlighting / datamarking | D11: Mark untrusted input so the model treats it as data, not instructions. | E11: Advanced | F11: Module 14 — Reliability, Safety & Anti-Patterns | G11: Core | H11: Built
A12: 11 | B12: Structure & Delimiting | C12: Reusable prompt blocks | D12: Compose prompts from swappable blocks (role / source / format / criteria / fallback). | E12: Beginner | F12: Module 4 — Structure & Formatting | G12: Appendix | H12: Built
A13: 12 | B13: Output Control | C13: Output contract | D13: Specify the exact shape of the answer (table, sections, JSON, 'final answer only'). | E13: Beginner | F13: Module 7 — Controlling the Output | G13: Core | H13: Built
... A76: 75 | B76: Anti-patterns | C76: Misleading examples | D76: Examples that accidentally teach the wrong format. | E76: Advanced | F76: Module 14 — Reliability, Safety & Anti-Patterns | G76: Core | H76: Built
